name,n,담당,제목
C_3_12_10_BU_DYA_07-27,3,강동욱,01~100
C_3_12_10_BU_DYA_08-10,3,강동욱,
C_3_12_10_BU_SMB_09-01,4,강동욱,
C_3_12_10_BU_SYB_09-28,4,강동욱,
C_3_12_11_BU_DYA_07-27,3,강동욱,
C_3_12_11_BU_DYA_08-10,3,강동욱,
C_3_12_11_BU_SMB_09-01,4,강동욱,
C_3_12_11_BU_SYA_09-24,4,강동욱,
C_3_12_11_BU_SYB_09-28,4,강동욱,
C_3_12_12_BU_DYA_07-27,3,강민지,101~200
C_3_12_12_BU_DYA_08-10,3,강민지,
C_3_12_12_BU_SMB_09-01,4,강민지,
C_3_12_12_BU_SYB_09-28,4,강민지,
C_3_12_13_BU_DYA_07-27,3,강민지,
C_3_12_13_BU_DYA_08-10,3,강민지,
C_3_12_13_BU_SMB_09-01,4,강민지,
C_3_12_13_BU_SYA_09-24,1,강민지,
C_3_12_13_BU_SYB_09-28,4,강민지,
C_3_12_14_BU_DYA_08-10,3,강민지,
C_3_12_14_BU_SMB_09-01,4,김성욱,201~300
C_3_12_14_BU_SMC_07-27,3,김성욱,
C_3_12_14_BU_SYA_09-24,4,김성욱,
C_3_12_14_BU_SYB_09-28,4,김성욱,
C_3_12_15_BU_DYA_07-31,3,김성욱,
C_3_12_15_BU_SMA_09-07,1,김성욱,
C_3_12_15_BU_SMB_09-01,4,김성욱,
C_3_12_15_BU_SYA_09-24,3,김성욱,
C_3_12_15_BU_SYB_09-28,4,김성욱,
C_3_12_16_BU_DYA_07-31,3,김성욱,
C_3_12_16_BU_SMB_09-01,4,김성욱,
C_3_12_16_BU_SYA_09-24,2,,
C_3_12_16_BU_SYB_09-28,4,,
C_3_12_17_BU_DYA_07-31,3,,
C_3_12_17_BU_SMB_09-01,3,,
C_3_12_17_BU_SYA_09-24,3,,
C_3_12_17_BU_SYB_09-28,4,,
C_3_12_18_BU_DYA_07-31,3,,
C_3_12_18_BU_SMB_09-01,4,,
C_3_12_18_BU_SYA_09-24,2,,
C_3_12_18_BU_SYB_09-28,3,,
C_3_12_19_BU_DYA_07-31,3,,
C_3_12_19_BU_SMA_09-27,4,,
C_3_12_19_BU_SMB_09-02,4,,
C_3_12_19_BU_SYA_10-06,4,,
C_3_12_19_BU_SYB_10-04,4,,
C_3_12_1_BU_DYA_07-31,3,,
C_3_12_1_BU_DYB_08-06,3,,
C_3_12_1_BU_SMA_08-28,4,,
C_3_12_1_BU_SMA_08-30,4,,
C_3_12_1_BU_SMB_08-28,4,,
C_3_12_1_BU_SMC_08-07,3,,
C_3_12_1_BU_SYB_09-17,2,,
C_3_12_20_BU_SMA_09-27,4,,
C_3_12_20_BU_SMB_09-02,4,,
C_3_12_20_BU_SYA_10-06,4,,
C_3_12_20_BU_SYB_10-04,4,,
C_3_12_21_BU_SMA_09-27,4,,
C_3_12_21_BU_SMB_09-02,4,,
C_3_12_21_BU_SYA_10-06,4,,
C_3_12_21_BU_SYB_10-04,4,,
C_3_12_22_BU_SMA_09-27,4,,
C_3_12_22_BU_SMB_09-02,4,,
C_3_12_22_BU_SYA_10-06,4,,
C_3_12_22_BU_SYB_10-04,4,,
C_3_12_23_BU_SMA_09-27,4,,
C_3_12_23_BU_SMB_09-02,4,,
C_3_12_23_BU_SYA_10-06,4,,
C_3_12_23_BU_SYB_10-04,4,,
C_3_12_24_BU_SMA_09-27,4,,
C_3_12_24_BU_SMB_09-02,4,,
C_3_12_24_BU_SYA_10-06,4,,
C_3_12_24_BU_SYB_10-04,4,,
C_3_12_25_BU_DYA_08-12,3,,
C_3_12_25_BU_DYB_08-06,3,,
C_3_12_25_BU_SMA_09-27,4,,
C_3_12_25_BU_SMB_09-02,4,,
C_3_12_25_BU_SMC_08-07,3,,
C_3_12_25_BU_SYA_10-06,4,,
C_3_12_25_BU_SYB_10-04,4,,
C_3_12_26_BU_DYB_08-06,2,,
C_3_12_26_BU_SMA_09-27,4,,
C_3_12_26_BU_SMB_09-02,4,,
C_3_12_26_BU_SMC_08-07,3,,
C_3_12_26_BU_SYA_10-06,4,,
C_3_12_26_BU_SYB_10-04,4,,
C_3_12_27_BU_DYB_08-06,3,,
C_3_12_27_BU_SMA_09-27,4,,
C_3_12_27_BU_SMB_09-02,4,,
C_3_12_27_BU_SMC_08-07,3,,
C_3_12_27_BU_SYA_10-06,4,,
C_3_12_27_BU_SYB_10-04,4,,
C_3_12_28_BU_DYB_08-06,3,,
C_3_12_28_BU_SMA_09-27,4,,
C_3_12_28_BU_SMB_09-02,4,,
C_3_12_28_BU_SMC_08-07,3,,
C_3_12_28_BU_SYB_10-04,4,,
C_3_12_29_BU_DYA_07-31,2,,
C_3_12_29_BU_DYA_08-10,3,,
C_3_12_29_BU_SMA_09-27,4,,
C_3_12_29_BU_SMB_09-02,4,,
C_3_12_29_BU_SMC_08-07,3,,
C_3_12_29_BU_SYA_10-06,4,,
C_3_12_29_BU_SYB_10-04,4,,
C_3_12_2_BU_DYA_07-31,3,,
C_3_12_2_BU_DYB_08-06,3,,
C_3_12_2_BU_SMA_08-28,4,,
C_3_12_2_BU_SMA_08-30,4,,
C_3_12_2_BU_SMB_08-28,4,,
C_3_12_2_BU_SMB_08-30,2,,
C_3_12_2_BU_SMC_08-07,3,,
C_3_12_30_BU_DYA_07-31,3,,
C_3_12_30_BU_DYA_08-10,3,,
C_3_12_30_BU_SMA_09-27,4,,
C_3_12_30_BU_SMB_09-02,4,,
C_3_12_30_BU_SMC_08-07,3,,
C_3_12_30_BU_SYA_10-06,4,,
C_3_12_30_BU_SYB_10-04,2,,
C_3_12_31_BU_DYA_07-31,3,,
C_3_12_31_BU_DYA_08-10,3,,
C_3_12_31_BU_SMC_10-16,3,,
C_3_12_32_BU_DYA_07-31,3,,
C_3_12_32_BU_DYA_08-10,3,,
C_3_12_32_BU_SMB_09-05,4,,
C_3_12_32_BU_SMC_10-16,4,,
C_3_12_33_BU_DYA_07-29,2,,
C_3_12_33_BU_DYA_08-10,3,,
C_3_12_33_BU_SMB_09-05,3,,
C_3_12_34_BU_DYA_07-29,3,,
C_3_12_34_BU_DYA_08-10,3,,
C_3_12_34_BU_SMB_09-05,2,,
C_3_12_34_BU_SYB_09-14,1,,
C_3_12_35_BU_DYA_07-29,3,,
C_3_12_35_BU_DYA_08-10,3,,
C_3_12_35_BU_SMB_09-05,2,,
C_3_12_35_BU_SMC_10-16,4,,
C_3_12_36_BU_DYA_07-29,3,,
C_3_12_36_BU_DYA_08-10,3,,
C_3_12_36_BU_SMB_09-05,2,,
C_3_12_36_BU_SMC_10-16,5,,
C_3_12_37_BU_DYA_07-29,3,,
C_3_12_37_BU_DYA_08-10,3,,
C_3_12_38_BU_DYA_07-29,3,,
C_3_12_38_BU_DYA_08-10,3,,
C_3_12_38_BU_SMC_10-16,2,,
C_3_12_39_BU_DYA_07-29,3,,
C_3_12_39_BU_DYB_10-16,2,,
C_3_12_39_BU_SMC_10-14,5,,
C_3_12_3_BU_DYA_07-31,3,,
C_3_12_3_BU_DYB_08-06,3,,
C_3_12_3_BU_SMA_08-28,4,,
C_3_12_3_BU_SMA_08-30,4,,
C_3_12_3_BU_SMB_08-28,4,,
C_3_12_3_BU_SMC_08-07,3,,
C_3_12_3_BU_SYB_09-17,2,,
C_3_12_40_BU_DYA_07-29,3,,
C_3_12_40_BU_DYB_10-16,3,,
C_3_12_40_BU_SMC_10-14,3,,
C_3_12_4_BU_DYA_07-31,3,,
C_3_12_4_BU_DYB_08-06,3,,
C_3_12_4_BU_SMA_08-30,4,,
C_3_12_4_BU_SMB_08-28,3,,
C_3_12_4_BU_SMC_08-07,3,,
C_3_12_5_BU_DYA_07-27,3,,
C_3_12_5_BU_DYA_08-10,3,,
C_3_12_5_BU_SMA_08-28,3,,
C_3_12_5_BU_SMA_08-30,4,,
C_3_12_5_BU_SMB_08-28,4,,
C_3_12_5_BU_SMB_08-30,2,,
C_3_12_5_BU_SMC_08-07,3,,
C_3_12_6_BU_DYA_07-27,3,,
C_3_12_6_BU_DYA_08-10,3,,
C_3_12_6_BU_SMA_08-28,3,,
C_3_12_6_BU_SMA_08-30,4,,
C_3_12_6_BU_SMB_08-28,4,,
C_3_12_6_BU_SMB_08-30,2,,
C_3_12_6_BU_SMC_08-07,3,,
C_3_12_7_BU_DYA_07-27,3,,
C_3_12_7_BU_DYA_08-10,2,,
C_3_12_7_BU_SMB_09-01,4,,
C_3_12_7_BU_SMC_08-01,3,,
C_3_12_7_BU_SYB_09-28,3,,
C_3_12_8_BU_DYA_07-27,3,,
C_3_12_8_BU_DYA_08-10,3,,
C_3_12_8_BU_SMB_09-01,4,,
C_3_12_8_BU_SMC_08-01,3,,
C_3_12_8_BU_SYA_09-24,4,,
C_3_12_8_BU_SYB_09-28,4,,
C_3_12_9_BU_DYA_07-27,3,,
C_3_12_9_BU_DYA_08-10,3,,
C_3_12_9_BU_SMB_09-01,4,,
C_3_12_9_BU_SYB_09-28,4,,